{
  "name": "pqgrid",
  "title": "ParamQuery Grid",
  "version": "2.2.0",
  "author": {
    "name": "Paramvir Dhindsa",
    "email": "pdhindsa@paramquery.com",
    "url": "http://www.paramquery.com/"
  },
  "maintainers": [{
    "name": "Paramvir Dhindsa",
    "email": "pdhindsa@paramquery.com",
    "url": "http://www.paramquery.com/"
  }],
  "licenses": [
    {
      "type": "GPL v3",
      "url": "http://paramquery.com/license"
    }
  ],
  "description": "Data grid inspired by MS Excel, provides sorting, filtering, paging, grouping, nesting, rows and cell selections, frozen rows, frozen columns, Add, delete, update, search, can display HTML, JSON, Array, XML, inline editing, validations, virtual rendering, virtual scrolling, cross browser, cross platform, Themeroller ready with 24 ready to use themes.",
  "homepage": "http://paramquery.com/",
  "docs": "http://paramquery.com/api",
  "demo": "http://paramquery.com/demos",  
  "download": "http://paramquery.com/download",
  "keywords": [
    "grid",
    "excel",    
    "datagrid",
    "table",
    "ajax",
    "ui",
    "sort",
    "filter",
    "nesting",
    "export",
    "i18n",
    "summary",
    "themeRoller",
    "frozen",
    "group",
    "search",
    "crud",
    "paging"
  ],
  "bugs": "https://github.com/paramquery/grid/issues",
  "dependencies": {
    "jquery": ">=1.7.0",
    "jqueryui": ">=1.9.2"
  }
}
