<?xml version="1.0" encoding="utf-8"?><?xml-stylesheet type="text/xsl" href="layout.xslt"?><xml><title name="Status publikacji rozkładów zajęć"></title><data>  <folder name="DOK" ProcessedCnt="2" NotProcessedCnt="0" icon="check.png"/>  <folder name="SSW" ProcessedCnt="11" NotProcessedCnt="0" icon="check.png"/>  <folder name="SWF" ProcessedCnt="2" NotProcessedCnt="0" icon="check.png"/>  <folder name="WCY" ProcessedCnt="550" NotProcessedCnt="0" icon="check.png"/>  <folder name="WEL" ProcessedCnt="225" NotProcessedCnt="0" icon="check.png"/>  <folder name="WIG" ProcessedCnt="3" NotProcessedCnt="0" icon="check.png"/>  <folder name="WLO" ProcessedCnt="163" NotProcessedCnt="0" icon="check.png"/>  <folder name="WME" ProcessedCnt="253" NotProcessedCnt="0" icon="check.png"/>  <folder name="WML" ProcessedCnt="2" NotProcessedCnt="0" icon="check.png"/>  <folder name="WTC" ProcessedCnt="186" NotProcessedCnt="0" icon="check.png"/></data><who lastupdatetext="Aktualizacja: 2018-01-16"></who></xml>