<?xml version="1.0" encoding="utf-8"?><?xml-stylesheet type="text/xsl" href="layout.xslt"?><xml><title name="Status publikacji rozkładów zajęć"></title><data>  <folder name="DOK" ProcessedCnt="1" NotProcessedCnt="0" icon="check.png"/>  <folder name="SSW" ProcessedCnt="10" NotProcessedCnt="0" icon="check.png"/>  <folder name="SWF" ProcessedCnt="1" NotProcessedCnt="0" icon="check.png"/>  <folder name="WCY" ProcessedCnt="380" NotProcessedCnt="0" icon="check.png"/>  <folder name="WEL" ProcessedCnt="69" NotProcessedCnt="0" icon="check.png"/>  <folder name="WIG" ProcessedCnt="1" NotProcessedCnt="0" icon="check.png"/>  <folder name="WLO" ProcessedCnt="104" NotProcessedCnt="0" icon="check.png"/>  <folder name="WME" ProcessedCnt="186" NotProcessedCnt="0" icon="check.png"/>  <folder name="WML" ProcessedCnt="1" NotProcessedCnt="0" icon="check.png"/>  <folder name="WTC" ProcessedCnt="2" NotProcessedCnt="0" icon="check.png"/></data><who lastupdatetext="Aktualizacja: 2017-06-15"></who></xml>